recipe:position,225,250,275,300
a:bottom,61.7386553,53.9126266,74.4147298,98.7867845
a:top,51.7097508,52.0097352,68.5768585,50.2284697
b:bottom,57.0953199,61.9043692,61.1969798,99.2485405
b:top,82.4550036,95.2241507,98.5948808,58.1693495
c:bottom,96.4702073,52.0013583,92.8932266,65.4730838
c:top,71.3063081,82.7954767,92.0980495,53.9602725
d:bottom,52.7997528,58.6704191,51.7476858,56.1831098
d:top,96.8731777,76.1013631,59.5716201,50.9716262